profits in 2021(million),name,website,category,founded,country,number of employees,median Salary,organisation id,profits in 2020(million),,
11649999,bernard payne and spencer,http://williamson.net/,TRansportation,1990,afghanistan,730,4852,4eb9d3e5cf79b91,4871758,,
1666514,king inc,https://www.fry.org/,apparel,1985,afghanistan,6819,4422,bba52b87bb6a32f,7368292,,
637754,riddle leach and gould,http://brown.biz/,apparel,1991,afghanistan,3695,4817,8a9190a50adf241,2135571,,
2290983,mueller group,https://www.nichols.com/,apparel,1972,albania,956,2733,3d41753aadac2fb,7033750,,
5669618,cohen saunders and curtis,https://todd.com/,apparel,1972,albania,1999,2411,91ba1665eeb4d22,3025865,,
10612708,orr-armstrong,https://www.chapman.net/,transportation,1970,algeria,7994,4663,aac4f9abf86eaef,387042,,
11320996,chambers-kemp,http://cooley-murphy.com/,accounting,2021,algeria,4288,3221,27fbc78271f3aa2,4122822,,
7947410,rojas andrews and odonnell,http://www.wells-harrison.org/,accounting,1981,algeria,6429,2733,b715731fa4a6cdb,742313,,
7938251,barnett-randolph,http://donaldson.com/,accounting,1998,algeria,7518,2187,df66e70fae1aa5d,7897829,,
1388391,hanson newman and bradley,http://www.shepherd.com/,accounting,2021,algeria,2135,2131,a3b8d27d51aae2f,3954770,,
2115109,potter murillo and garza,https://www.bruce.com/,music,1977,algeria,1552,2765,bec776b6c8ce1ac,6066845,,
9010297,holden-wolf,https://flynn-hartman.org/,music,1996,algeria,5416,3492,38df1aedef8e004,6249495,,
7849261,collier-howe,http://pratt.com/,music,1972,algeria,1416,4444,acc61a49398bdd4,6998920,,
3687241,marquez-blankenship,https://nolan.net/,music,1989,algeria,8562,3313,2fab6dad4afe024,5851000,,
5781194,boyd llc,https://herrera.com/,transportation,1975,algeria,159,2263,a1c2b67b5a01adf,6785288,,
4398575,leon kaufman and richmond,https://www.madden.com/,apparel,1983,algeria,3321,3676,2ecb7041dc2adf1,8163338,,
5303896,parker garza and mcintosh,https://www.luna.com/,apparel,1972,algeria,7720,2666,dffc100fccdc16d,5798027,,
5668124,lowe llc,https://padilla-gardner.info/,apparel,1971,algeria,7249,4044,bfa9a7d5cd3ea2c,731518,,
4971125,sanford llc,http://ramirez.biz/,computer hardware,1980,algeria,3512,2742,fcdbf9ac5f68eaa,2659072,,
6544245,michael-lee,https://www.trevino.com/,computer hardware,2004,algeria,8506,4430,6f442e8596b4b4e,3196958,,
6506858,thompson ltd,http://www.berry.com/,computer hardware,1980,algeria,6676,3912,5a3d438bd544b85,3810950,,
10918403,salazar-hanson,https://www.berry.com/,biotechnology,1988,algeria,92,4092,bde405d2e490ebe,7902634,,
2772339,medina-wells,https://flynn.com/,biotechnology,1986,algeria,8575,4977,3c08339af3bb8c8,2031114,,
5111819,collins group,http://clay.info/,computer hardware,2002,algeria,6644,2899,6ea03577dc2f3c3,3890298,,
11744207,gonzales inc,http://lara.org/,computer hardware,2019,angola,2252,3071,c494abe0cdb9c70,2413656,,
6716708,roth and sons,http://durham.com/,computer hardware,1994,angola,311,4492,c7afe1e7295d09a,7253077,,
6674272,riddle-griffith,http://boyd.com/,apparel,1972,angola,1213,4630,bd5e1a9a3f0f95a,1813483,,
5146861,miles inc,https://douglas.info/,apparel,1999,angola,3250,2016,ec0e323acd42b6e,5910536,,
1614429,reed group,http://herrera-carroll.info/,apparel,1976,angola,4531,3518,e4c640af4aa845a,5116927,,
10611180,houston-ayala,https://burns.com/,apparel,2020,anguilla,4704,4079,bf0ebca305efbe4,260992,,
7985966,skinner plc,https://spears.com/,apparel,2006,anguilla,485,3711,ecb7aae9a6cb36d,7066362,,
2337980,tucker rocha and bonilla,http://www.ryan.org/,apparel,2016,anguilla,8125,4998,3deebf49bd2fce7,7388283,,
1185597,cortez llc,http://woodard.com/,apparel,1972,anguilla,9056,3274,9f8efb3d03193db,7207165,,
10676250,castro moses and wolfe,https://lowery.com/,apparel,1997,anguilla,2878,3500,27eab75ce19c101,1934242,,
9489669,barber llc,http://roth-riley.com/,apparel,1998,anguilla,1021,3665,0a3ca1e9c01baae,3111696,,
6434443,ochoa-mason,http://calderon.biz/,biotechnology,2011,anguilla,7205,4347,7ade1d82d2ac863,2677843,,
6429122,guzman plc,http://marsh-callahan.info/,biotechnology,1987,anguilla,481,2686,bf1cc30febed38c,7061608,,
8400105,dennis-bridges,https://www.woods.com/,computer hardware,1991,anguilla,648,2754,ee4aa1dc0265e0e,4568711,,
9617699,morrow-lawson,http://www.mann.net/,computer hardware,2009,anguilla,3925,4685,ffdb822c7597c10,2110498,,
849705,rowland group,http://www.sutton-reynolds.com/,computer hardware,2000,anguilla,4998,2416,f801bac42f9ac1f,1949176,,
4778863,wiley and sons,https://huerta.com/,transportation,1994,anguilla,6177,4118,244f2bdbb45dcbc,771808,,
10145042,soto-perry,http://www.hester-gibson.com/,transportation,1992,anguilla,7286,3859,50d48830dc9a8ac,2716343,,
1713029,macdonald group,https://gutierrez-robles.com/,transportation,2016,anguilla,778,2695,beef0bf7cabe089,1396139,,
11274116,beltran flores and kelley,http://www.mcclain.org/,transportation,1970,argentina,1371,3152,9eeb46cbf04eeff,7935853,,
10674655,cline inc,https://randolph.com/,transportation,2009,argentina,8887,4925,3ed7b5f7c7f2bfe,6645874,,
7898676,holt morris and delgado,https://www.skinner.com/,transportation,1999,argentina,7672,3899,6aa8ef34dceed25,4994827,,
3054956,rowe-horton,http://www.oneal.com/,transportation,2007,argentina,5422,4976,d0b5d62f4ba941f,8819793,,
4956817,mullins castaneda and bernard,https://www.sampson.com/,transportation,1998,argentina,8861,3920,ecedfb72daeebbc,2791418,,
3669192,espinoza llc,http://www.marsh.com/,transportation,1979,argentina,7668,2358,d2ef4c24da2d2a7,4486671,,
7413623,ayers llc,https://gomez-conner.com/,transportation,1971,argentina,7898,3917,af3b0dc3a779eb5,4343875,,
11382442,cantrell-glover,https://www.lowe-andrade.com/,transportation,1970,argentina,313,4526,ee2d54f3ad9c126,3350932,,
5987677,glover-castaneda,https://www.romero.com/,transportation,1990,argentina,6515,3340,f40fc5a648c53f3,5682918,,
4879934,howe byrd and owens,https://warner-mcconnell.com/,transportation,2010,australia,7597,3590,e9bebd37bfee7bb,437979,,
7633917,griffin and sons,http://vasquez.net/,transportation,2000,australia,7640,4422,6f8e7fe3ccfcb7c,7635255,,
8210689,michael and sons,https://brennan-molina.com/,transportation,1988,austria,3837,3833,9f63c73be6a39e9,6242581,,
2042879,hood evans and waters,https://www.lowery.com/,transportation,2006,austria,6998,2096,ccd85e8579f9c7e,1663713,,
1939358,jackson group,http://www.haney-bailey.com/,apparel,1984,austria,8940,2078,5022c998edeada1,8117599,,
5706571,oliver flores and pena,https://www.merritt.com/,apparel,1994,austria,2587,4771,eb1f0a485ff5c50,810335,,
1488138,avila-garza,https://harmon.com/,apparel,1987,austria,4204,2340,0de4671f41341d6,6722610,,
11665612,harvey-horton,http://www.mejia.net/,apparel,2007,austria,3787,4219,90bbf5c6d616dbf,5440815,,
11754288,mcpherson cameron and whitehead,http://www.schneider.com/,apparel,1978,australia,5942,4706,4d17fa0d985e0d7,5507022,,
11540480,whitaker-lara,https://buckley-mayo.com/,apparel,1992,australia,8323,2409,6be8a1ef720fd32,7527712,,
8795170,guerrero group,https://morse.com/,apparel,2014,australia,3313,2846,4ded9e3ff968e7c,5447472,,
7731482,meza-carroll,http://www.walker.net/,apparel,1975,australia,8073,2618,bbb5ab4b0aad7a3,4879450,,
7683342,horne cherry and santana,http://bishop.com/,transportation,1981,australia,7298,2553,a5ffb6afd24d2eb,8087783,,
4635588,stuart ltd,http://russell.com/,transportation,2021,australia,6472,2862,ad103986bdbe6ad,7139811,,
9997854,romero-aguirre,https://www.cooley.com/,transportation,2006,bahamas,142,3315,ea8a779bec3c8ff,7281231,,
11650281,mendoza ltd,https://www.rice-gutierrez.org/,transportation,2002,bahamas,5158,2327,ba404ddd2ad309a,3325811,,
10902858,schneider-elliott,https://molina.com/,transportation,2021,bahamas,7306,3068,2eaa3c5d6cc37b9,5515014,,
9037289,ayers pierce and vang,http://www.durham.com/,transportation,1974,bahamas,6594,3522,4dbcfb13cf62f8f,3593477,,
4331785,livingston-short,http://www.schaefer-skinner.com/,transportation,1973,bahamas,6921,2403,fde4affceee8f58,6522089,,
3991962,good mcconnell and ballard,https://riddle-carr.com/,information technology,1991,bahamas,4089,2858,2606f29ee3f97f5,460444,,
6681516,hunt ltd,http://www.fritz.com/,information technology,1977,bahrain,1693,2513,a3bb544c4f950e5,8169559,,
10253892,cole-gordon,http://bauer.biz/,information technology,2017,bahrain,7082,2981,f56155a0a9ce693,5614468,,
6275447,gardner ltd,https://barnes-reynolds.com/,information technology,1970,bahrain,3702,3041,073cf1efaada57a,6986172,,
5983572,lin rasmussen and graves,http://www.evans-graham.com/,information technology,1997,bahrain,6903,4080,9c9ad5abae300f4,2050190,,
1238956,lopez-taylor,http://farrell.org/,information technology,1973,bahrain,4813,2412,0aab0baad1d0622,2822607,,
6191062,finley-sloan,https://www.marsh.org/,information technology,2013,bangladesh,5042,3493,dffd5cb3c19fa22,4332717,,
8558029,phillips gomez and rocha,https://www.romero-alexander.com/,information technology,1981,bangladesh,5299,2349,fff54ebcb7f443b,8064661,,
3285596,ward-cox,http://medina.com/,information technology,2009,belgium,2996,4638,a832ebc6811df1a,5505083,,
6119960,king-howard,https://www.mason-mcdowell.com/,information technology,1977,belgium,321,3700,61521f79cd45a7b,4973014,,
3592872,villa levy and mays,https://www.lyons.biz/,transportation,1976,belgium,4619,4135,cc88150b8ecad8c,949614,,
4964731,alexander plc,http://www.barker.biz/,transportation,1999,belgium,3866,4041,db0ecf7ddcc3a7a,7215375,,
2690663,donaldson group,https://www.horton.biz/,computer hardware,2016,belgium,1027,3964,c18b4aad9adf4cf,4365716,,
6984508,newton llc,https://www.sloan.info/,computer hardware,1997,belgium,3886,4862,ff4cdcd04bc0da8,7415298,,
6510508,weaver-barnett,https://www.patton-ayers.com/,computer hardware,1991,belgium,8600,2963,318c1f58cfcbda9,8283966,,
2185159,barnett ho and shah,http://www.joyce-ochoa.com/,computer hardware,1983,belgium,5971,3635,5b77f60c3cc6ae6,8802014,,
10939517,dunn dillon and blair,http://jensen-romero.com/,computer hardware,2015,belgium,5962,2217,31aeba479968af3,2197317,,
10439833,byrd pace and robles,https://johnson-serrano.com/,computer hardware,1974,belgium,3081,2480,97bfc3c2f851b8b,4491848,,
2153519,willis-skinner,https://www.mcclain.net/,computer hardware,2014,belgium,2540,2501,68aa8ddf26e3aca,3595833,,
11153667,hicks hall and hopkins,http://gilmore.net/,computer hardware,1979,belgium,9652,4956,fb20b12fcf3f4be,6480519,,
6520808,bright-summers,http://www.yoder-coffey.com/,computer hardware,2004,belgium,5406,3309,5cb0bbca289679c,491782,,
5793827,middleton plc,http://www.mcguire.com/,computer hardware,1994,belgium,6412,3121,44b829ad3abbdf3,8198227,,
9681777,trevino group,https://guerra-thompson.net/,computer hardware,2012,belgium,3985,3766,ddce3797f22d3ae,192157,,
11689951,hansen chan and molina,http://stevens.com/,computer hardware,1994,belgium,8534,4992,78ea4c2c1cb83ab,6762840,,
8819781,jacobs-kline,https://www.smith-hardin.org/,computer hardware,1988,belgium,2788,4668,faacec3019bf7f5,5263703,,
10612832,joyce turner and bolton,http://www.long.com/,computer hardware,1975,belgium,6016,2503,89adcc6b8715b23,3339214,,
9413929,alvarado inc,http://www.bowen-callahan.org/,computer hardware,2020,belgium,4256,2204,bdf1b9f31a0dacb,4210676,,
2472467,fuentes ltd,http://berry.com/,computer hardware,2019,belgium,643,4333,a11b2cc54eae95b,6552843,,
10360625,bolton diaz and kent,http://www.luna.net/,computer hardware,1999,belgium,1053,3373,c3ba071a2bb4d6f,8649060,,
2600196,murphy-esparza,http://www.melton-carson.biz/,computer hardware,2012,belgium,6030,2649,a51ffffdb11cff2,8580809,,
9111114,richmond-conley,https://randall.com/,computer hardware,1997,belgium,6412,4476,944bb87fc8a613e,8991816,,
3577257,whitehead and sons,http://rasmussen.com/,computer hardware,2005,belgium,338,4731,d1f772a3528ecfc,8632160,,
11614267,murillo-woods,http://www.graves-rocha.net/,computer hardware,1981,belgium,7222,4881,c087578943f19e4,3694586,,
2279339,mckee-bonilla,http://www.charles.net/,computer hardware,2013,belgium,157,4693,9d7e4c3afd2392c,4025628,,
7147011,blackwell kidd and shields,http://lester.org/,apparel,1971,belgium,219,4640,9ec72158e7c46d2,2050368,,
6906174,pearson-fletcher,https://www.duffy.net/,apparel,1987,belgium,7374,4689,4255e3e4acf7abf,2236624,,
5977159,hood-becker,http://www.houston.org/,apparel,2004,botswana,1175,4520,d214d152bdf2f3d,3209513,,
1750154,werner berry and dominguez,http://castro-robles.com/,apparel,2014,botswana,9676,4472,cdbd7720bba0bf5,8671763,,
5803874,esparza lyons and diaz,http://durham.com/,apparel,1976,botswana,9231,2488,ed8abdcda9dd862,8776342,,
11932548,harris-clarke,http://www.reilly.com/,apparel,2016,botswana,6150,3131,a3a8d60af487c75,1534070,,
10039321,vaughn llc,http://www.bradley.com/,apparel,1999,botswana,9751,4727,ffb1a8af4fec7ce,4047866,,
3849962,bolton-odom,http://duncan.com/,information technology,1979,botswana,7241,3224,afcbe39d8b0b2f6,3712547,,
1595038,tanner lambert and strickland,https://www.cantu.com/,information technology,1985,botswana,5597,3263,040bddafc73cb32,7245861,,
5515840,sampson-copeland,https://west.com/,information technology,2015,botswana,3811,4069,b25ffe2fdbc55d1,1651491,,
8581315,petty group,http://www.scott-marks.info/,information technology,1985,botswana,8830,4782,b598519fdfc530b,3090534,,
3456403,hopkins shea and bishop,https://www.wolfe.com/,information technology,2014,botswana,1878,3212,7db53b8ca40ab0d,5931635,,
5689285,wilkins llc,http://www.ford.com/,information technology,1990,botswana,7349,3942,eaa4e1cf00ee3c2,5751270,,
1536042,novak plc,http://www.lozano.com/,information technology,1973,botswana,5821,3486,56bdd78bbcdcca4,891875,,
2737594,collier and sons,http://www.woodward.com/,transportation,2020,brazil,9151,4532,dedd9d0aa6115d3,5992394,,
11306219,wilcox llc,https://www.holder.info/,transportation,1988,brazil,8471,2927,c763f85cc571e19,8299535,,
4306444,mills-humphrey,https://www.barker.info/,transportation,2017,brazil,3778,4378,a376a6d71f1c36c,6491732,,
7573138,cross plc,https://www.compton.com/,transportation,1976,brazil,3101,4646,f73b358bf010f7f,7857647,,
7161291,macias-patton,https://www.ferguson-bradford.com/,transportation,1990,brazil,6403,3041,3899d932c149e5c,2138026,,
712381,conley group,http://santana.com/,transportation,2013,brazil,3806,2568,ddba684d69764eb,2713493,,
9000810,parrish group,http://www.wright.com/,transportation,2019,brazil,1,2171,51acf1269e194e8,8902701,,
3376360,schaefer ltd,http://www.underwood.com/,transportation,1983,brazil,5199,4198,ebdceaf8b6b2fb5,2851892,,
6899026,hess-shelton,http://www.hendricks-rodgers.org/,transportation,2014,brazil,7188,3528,db82eaf8e7a59af,5556971,,
10944421,murray-meadows,http://velazquez-harmon.com/,transportation,1996,brazil,9655,2057,18c26fd0fad73e3,6255257,,
7744665,novak petty and mcintyre,http://www.foley.biz/,transportation,1979,brazil,7809,2186,afee981fbacdbe8,6497279,,
4751154,mcmahon and sons,http://copeland.com/,transportation,1997,brazil,6029,2620,ce017b247db1ede,5955396,,
3706405,holland ltd,http://silva.com/,transportation,1995,brazil,5096,3233,55cc2d7816506bd,1366595,,
11314414,rogers inc,http://ray-hinton.com/,transportation,1979,brazil,886,2879,ec2dae361f8bb30,8906948,,
853351,caldwell shaffer and woods,https://haney.info/,transportation,1974,brazil,959,3099,fe8bbb899efcb06,3897999,,
2143773,gamble-hill,https://www.chaney-eaton.com/,transportation,1993,brunei darussalam,3468,2070,9dd10a3ccb2b1bd,1120738,,
9656060,hobbs group,https://bailey.com/,transportation,1999,brunei darussalam,1145,3795,e84e97db7bfaded,2980952,,
1794366,romero austin and gentry,https://cooper-nash.com/,transportation,1990,brunei darussalam,8213,3984,df39abf66ae4d0c,4359711,,
6639122,blanchard forbes and mendez,https://www.ramsey-barber.biz/,transportation,1994,brunei darussalam,5533,3810,6b345d487edf9df,2190531,,
947974,mcpherson-blanchard,http://www.ward.com/,transportation,1972,bulgaria,9890,3973,e5ca6529dcd4030,2695044,,
822392,bird ferrell and hughes,http://mooney.com/,transportation,2005,bulgaria,6336,3009,4cd5cc59b0aa9c5,1644574,,
4139373,gordon and sons,http://www.taylor.biz/,transportation,1970,bulgaria,4815,3923,a0dcf3bcf1addea,2131824,,
8898984,page-mcmahon,https://www.brandt.net/,transportation,1995,bulgaria,3958,3464,0fbfeda9d5e0b69,1634609,,
4688163,landry group,http://www.morse.net/,information technology,2019,bulgaria,2273,4781,c44a5cdf9c829e3,2071771,,
7651322,logan-chen,https://sheppard.com/,information technology,1996,bulgaria,7532,2840,ee1adb78478bf80,8069188,,
10906546,duffy and sons,https://simmons.com/,information technology,2011,bulgaria,5250,3266,2fff9ac231a6768,5682439,,
809452,norton group,https://collins-michael.com/,information technology,2016,bulgaria,9497,2955,7647af9d4705c6b,3361590,,
11770670,bradshaw-orozco,http://stewart.com/,information technology,1973,bulgaria,3619,4526,c6eb96acc73baa0,4119960,,
4609431,mays robles and shah,https://myers.com/,information technology,1989,cambodia,9666,4702,67eeacabcfccb6c,1898144,,
8408692,clements hahn and stark,https://richards.com/,information technology,1975,cambodia,7663,3358,edbdabfd62cbea7,685748,,
1924764,graves llc,https://marquez.com/,information technology,2013,cambodia,7150,4271,6bdeeb7334ec8a1,3638493,,
3015081,guerra drake and rangel,https://hartman.info/,information technology,2005,cambodia,305,4668,dfcadad69fe1d2a,4057958,,
908868,jennings-drake,https://cordova.biz/,information technology,1977,cambodia,1422,2823,f6025bcbbd3953e,3595168,,
4723582,vega miller and calderon,http://www.joseph-contreras.com/,transportation,2012,cambodia,8250,2979,958cabb9b17124d,3965933,,
778833,kirk-moody,https://oneal-avery.com/,transportation,1971,cameroon,4110,2816,a8fd24e2bb7d0fd,3116585,,
1655484,hinton lucero and hancock,http://www.black-rojas.com/,apparel,2003,cameroon,5594,4621,19d7de485e79df6,7208983,,
8167360,smith-terrell,http://www.fowler.com/,apparel,2003,cameroon,404,2006,3c6fd0d86e7baaf,6940172,,
9442794,mcclain-wilcox,https://www.nash.com/,apparel,1981,cameroon,1740,3342,8c4d487cabce6e9,1813412,,
11529051,trevino-foley,https://baxter.com/,computer hardware,1973,canada,6765,3045,3851f381ea54d70,8528045,,
5656097,robinson plc,https://www.manning-barron.com/,computer hardware,2003,canada,1310,3593,a0bbb5ab97fe257,5455054,,
11566057,jacobs-sawyer,https://romero-gould.com/,computer hardware,1993,canada,3118,3593,54fa48043aaacd4,5846396,,
3865057,alvarado-anthony,http://www.perry-mcgee.com/,computer hardware,1978,canada,28,2658,0d2d0dc2ddb267c,2987609,,
6862409,dickerson-taylor,http://www.steele.com/,computer hardware,1981,canada,4679,2589,60a7985f64acbaf,2830659,,
8327111,mcconnell-sheppard,https://www.hinton-howard.com/,computer hardware,1995,canada,9808,4770,b87a9762ff1ecdc,5732641,,
5834871,curry blake and leblanc,https://www.cooke.com/,computer hardware,1973,canada,2164,3845,d17135fb399dd4c,7279567,,
2371353,taylor llc,http://www.spears.com/,computer hardware,1997,canada,8904,4177,c8efd8a1ae4e3cf,5986054,,
9082602,gallagher-patel,https://welch-pitts.com/,computer hardware,1984,canada,9633,2442,d253b3cee134fed,8586628,,
9049419,ayala-bradshaw,https://www.bishop.com/,computer hardware,2000,canada,5977,2861,e67e4dead7f7ac8,7331960,,
10049120,neal-nicholson,http://keith.info/,accounting,2006,canada,5523,3469,ef56bdce48de5ff,1440035,,
5783520,huerta-stephens,https://www.contreras-phelps.com/,accounting,1994,canada,2090,2697,ba907c2acbc34ba,5116365,,
7933159,wall-mcconnell,http://www.carr.com/,accounting,2006,canada,4491,3976,e0da4a69658eaca,3590205,,
4607623,espinoza stephens and spencer,http://www.hardy.com/,accounting,2002,canada,3784,2029,d457875b76d0ad8,6481574,,
1417102,lewis frank and pittman,https://www.wise-randall.com/,accounting,1985,canada,6628,4796,ca8e1dfba7b1d8d,672623,,
11580456,mcdowell-dawson,http://www.townsend-farrell.com/,accounting,1976,chad,2861,2219,ef7e820bc9f7e49,8264248,,
9555253,novak mcguire and copeland,http://www.tate.com/,accounting,2011,chad,8128,3851,a5e8ce5cf97c2ac,1109852,,
2080144,whitaker group,https://koch-andrews.com/,accounting,2005,chad,7007,3313,5e2bb2dace9511e,7724046,,
3594005,best mckay and guerrero,http://andrade.com/,accounting,2020,chad,871,2922,f8a35a4b5d7b2c1,6025668,,
7353537,cline-heath,http://www.walter.net/,accounting,2020,chad,6977,3193,795195c9db5e1c0,3733990,,
3377612,tanner-webster,https://www.wu.com/,computer hardware,2006,chad,4176,3351,de66a10faf4e5b1,4961493,,
3099498,guzman llc,https://walter-stevens.net/,computer hardware,1973,chad,2251,2620,994aad9baa0bef3,4326730,,
4272982,leonard-wilkinson,http://houston-bailey.com/,computer hardware,1995,chile,8952,2367,9aaad5026aa8abf,8228495,,
3585862,frederick-singh,https://levy-david.com/,computer hardware,1971,chile,5687,3485,afeaf6beef0db13,222322,,
11637116,sanchez pugh and decker,http://faulkner-anthony.com/,computer hardware,2022,chile,8917,2638,391e22a22e6c77a,1306498,,
7095418,copeland booth and patrick,http://cox-mann.com/,computer hardware,1975,china,1623,2821,e7e0efaacc8122d,8824543,,
3632123,sharp and sons,https://www.collier.com/,computer hardware,2010,china,2828,4132,ceab4db1cad0adf,3891160,,
10693756,gray and sons,http://dodson.com/,computer hardware,1980,china,8303,3698,3f665deb1d8d4e9,308729,,
3705692,hurst camacho and gill,http://www.beard-little.com/,construction,1981,china,802,3376,4d6a2a19bf95fc4,7280983,,
8181959,terrell inc,https://mcintosh-copeland.org/,construction,1983,china,7961,2154,dc94cdf6d5bddbd,5567249,,
3491784,gordon-marshall,https://www.hendrix.com/,accounting,2019,china,5282,2447,0bcebfcd12bcb7e,2660501,,
5853443,francis-frazier,https://roberts.biz/,accounting,2015,china,6202,2696,8f55cd0ad6dcde2,7563939,,
532276,parker ltd,https://www.burch.org/,accounting,2009,china,6947,2150,a6bc77d5ce07c7b,5556256,,
6701067,knapp-maldonado,https://www.kennedy.com/,accounting,2013,china,6143,3635,bcaac3adb10bf1c,743243,,
5587366,yates massey and ortiz,http://www.sutton-lambert.com/,computer hardware,1995,china,6330,4724,32dffb53469ea98,7592356,,
1475118,hurley group,https://roman.org/,computer hardware,1987,china,9469,3423,73ab5e45c1e5b55,8543230,,
5961922,carter hodge and franco,http://www.richards-bishop.biz/,computer hardware,2019,china,2191,4073,7cf53a7abba2ca1,1426570,,
3618918,byrd inc,https://dunlap.biz/,computer hardware,2016,china,2240,4582,70eeceee7d6faec,5291330,,
2347750,estrada-leon,https://www.myers-bradley.com/,computer hardware,1984,china,4218,3258,1a1402caa5a1f1c,6395400,,
1532457,henderson garrison and melendez,https://boone.info/,construction,2014,china,9686,2576,699e5b0fe674695,1742210,,
3381062,howe and sons,https://www.nunez.com/,construction,2007,china,1424,4475,35762be17ca3d47,117263,,
9750017,olson-solomon,https://koch.com/,construction,2013,china,3825,2930,de5fc71de825bfc,8574322,,
6216665,espinoza plc,http://strickland.com/,construction,1999,colombia,4441,3000,aeec625ffe6bbcc,7003283,,
11964736,parsons bishop and joseph,https://www.arellano.com/,construction,2014,colombia,6864,4025,3a3d7c279ef39ed,4712791,,
8217702,herrera ltd,https://faulkner.net/,construction,1987,colombia,4066,4796,a9aace4ae9da4e5,2139023,,
10410485,pham-bond,https://www.vance.com/,construction,1987,comoros,6746,2799,9fb0f575eda185e,5555455,,
6554032,stephens group,http://www.howe-hays.com/,construction,1983,comoros,953,3917,334b91221694b23,7453301,,
6101879,perez group,http://harper.com/,music,2007,comoros,8889,4864,05bbfbda2ad8e1a,2068253,,
7430574,townsend richmond and underwood,http://www.christensen.com/,music,1973,congo,9915,4278,6b1bbe5dfdac090,2465875,,
2449043,orr-joseph,http://www.dodson-gallagher.net/,music,2001,congo,4375,3850,da71cdd001e06d6,5331603,,
4287761,joyce chambers and monroe,https://potts.com/,music,2004,congo,9684,2375,b7b5ca3592086ed,531426,,
5237723,garcia group,https://bender-winters.com/,music,1983,congo,818,4490,d2b69efedff6f87,8582503,,
3954519,hunt llc,https://arroyo-liu.com/,music,1972,congo,6176,2973,3edc8528529b302,6331804,,
4817177,wood stark and jacobson,http://www.liu-romero.com/,music,2006,congo,8056,4724,a9a62abc02eceeb,3962625,,
9535507,rodgers llc,http://www.butler-barron.org/,music,1980,congo,1587,2530,3ee4fbffa7150bc,320124,,
7006240,becker-mann,http://www.mcpherson-harvey.com/,music,1973,congo,795,2369,08bccf6da86fba2,1943045,,
6268949,hunter-kane,http://petersen-heath.com/,music,2004,cook islands,346,2240,d343b9db0563a4e,5132634,,
5583597,bowen-shaw,https://www.shannon.com/,music,1987,cook islands,1243,2544,ea75cd979ec705f,652039,,
10849360,rice norton and stein,http://mccann.info/,music,2007,cook islands,6307,4674,5b62b5165b3a0c8,7238346,,
5444905,beck-vaughan,http://www.henderson.biz/,music,2020,cook islands,5082,4774,f9a2fb187bcdc9f,4641603,,
6536276,mccullough and sons,http://www.chase.com/,music,1985,cook islands,3634,4284,3ddeb6ddcfc4f51,5409219,,
8215435,esparza llc,https://lozano.com/,music,1994,cook islands,2776,2089,cb54d184eb3677f,4301219,,
10071755,young inc,https://stout-schwartz.com/,textiles,2001,costa rica,3541,3761,b73e7cac4fae8fe,949047,,
1269216,maddox-novak,http://mcclure.com/,textiles,2009,costa rica,4031,2989,eb43ce5cb105fcc,1816362,,
10468187,lee-marks,http://www.york-stuart.biz/,textiles,1985,costa rica,3511,3536,c9dbfbffffef44c,4873136,,
3138195,meadows-macias,https://www.maynard.info/,textiles,2006,costa rica,904,4931,521b3d4a4be241e,7680875,,
1401241,gill-lamb,http://lin.com/,textiles,2005,cote d'ivoire,5105,3763,ad2eb3c8c24db87,3716759,,
6635287,stone inc,http://www.blankenship.info/,textiles,1984,cote d'ivoire,816,4324,50a5cfcded6ad6a,8135323,,
5445802,mejia inc,http://bolton.com/,textiles,1972,cote d'ivoire,7578,2468,2e9eeb3cb58afcd,2274873,,
11290403,hood ltd,http://www.berry.com/,textiles,1972,cote d'ivoire,640,4339,6fcb10da7e6f9df,3506228,,
5299290,koch group,https://www.mendoza.com/,construction,1994,croatia,6847,4269,e1dd58a2ced2812,2051908,,
2998565,hopkins-wood,https://ayers.net/,construction,1987,croatia,3160,3536,136dd17ebfae94f,5918200,,
7199914,vasquez-ochoa,https://www.rose.com/,construction,1983,cuba,4878,3982,dad2bd3ae5ce86d,952885,,
10825602,salazar ltd,https://www.horton-clarke.com/,transportation,1999,cuba,2730,2636,fa302496c8b81de,2384745,,
10076825,ware llc,http://pratt.net/,transportation,1998,cuba,9941,4969,fddf45e1defebbc,8611946,,
3643303,shaw yang and morton,https://dawson-russell.com/,transportation,1985,cuba,8841,3984,cbd16b4174ded61,4098896,,
11671380,adkins stewart and lara,https://allison-blankenship.com/,transportation,1988,cuba,1715,4067,5a1abaad8cf84dc,4273833,,
6856187,coffey pope and sims,https://www.webb-chaney.com/,transportation,2013,cuba,6139,2594,30aa99fbfaf7ae0,8622719,,
11329581,hebert-santos,http://holloway.com/,transportation,2004,cyprus,7982,3749,ebd8bceefc9a560,3555763,,
6870861,dodson-lam,https://www.guzman.org/,construction,1984,cyprus,9440,2545,abf8dccabe179f9,7149543,,
1819517,wilkerson luna and brewer,http://oneal.biz/,construction,2009,cyprus,3822,4455,d8eae5c3a1f27ef,5353312,,
4555031,boyle-beard,http://www.fisher.com/,construction,1985,cyprus,9283,2765,ebcf126fe9fdead,4666818,,
5208083,barr james and gilbert,https://www.farmer-wilkerson.biz/,information technology,1989,cyprus,8147,3030,1c1bc158dee046b,8343944,,
1861656,scott-ramsey,https://wyatt.com/,information technology,2018,czech republic,8263,4697,f8bd41b97f5e96a,2980183,,
8695803,mcdonald jacobson and fischer,http://www.bruce.biz/,information technology,1975,czech republic,6572,4702,0aded4af925c9ec,2506874,,
10333311,love-palmer,https://kramer.com/,information technology,2010,denmark,6991,3839,2f31eddf2db9aae,6180759,,
2705625,barajas hunt and frye,http://www.richard.com/,information technology,1980,denmark,3233,3278,9e8bdfef88aa4e9,2772033,,
10823701,palmer-stokes,https://nelson.com/,information technology,2016,denmark,3242,3371,f58be3967e3fa62,2491603,,
1775691,wagner-lawrence,http://cline.biz/,information technology,1976,denmark,5799,2591,a7d5585efe783de,569770,,
1749143,wilson-garrett,https://benjamin.com/,information technology,1975,denmark,3238,4208,c7e8caa3fe0ea9c,3879587,,
8986610,arroyo garcia and patterson,http://www.martin.com/,information technology,2020,denmark,9235,3588,41ec4ddd3f62bbc,4983784,,
4608577,donovan-christian,https://www.hatfield.biz/,information technology,1972,denmark,4544,3607,0052abdaff57dac,5166845,,
4182754,scott simpson and burch,https://www.zhang.com/,information technology,1979,dominica,4408,3029,8b43a3446ad871c,2505281,,
10373676,vargas ltd,https://www.blair-stout.com/,information technology,1989,dominica,3162,4156,477cdccc1e02aad,4899916,,
6102634,wall chandler and chapman,https://www.melendez.net/,information technology,1986,dominican republic,4604,2346,ff0a16aceaad6de,268657,,
11002803,graves inc,http://www.hinton-potts.com/,information technology,1986,dominican republic,8802,2727,cbe3da81dfae3a3,3257414,,
861339,vaughan llc,http://www.cantu.info/,information technology,2015,dominican republic,7755,4013,4beaccfec62bbd7,2589926,,
8991570,davis-dillon,http://quinn.com/,information technology,2007,dominican republic,6607,4951,a0fe365befc1aab,4937200,,
9153380,diaz mercer and yoder,http://www.thornton-rosales.net/,information technology,2013,dominican republic,4077,2957,c3b6dfaaa57f88c,2784883,,
7796740,pacheco-bruce,http://duffy-kent.com/,information technology,1982,ecuador,20,2461,f4bdec9dbc6fd93,8876658,,
2837953,chung patel and moore,https://whitney-andrade.com/,information technology,2008,ecuador,2928,4353,ec1ddbcbd1c649f,5597410,,
3381384,bowen group,http://www.torres.biz/,information technology,1980,ecuador,2179,3938,cc45ccf52fec2fe,4273314,,
8666893,mcconnell-schroeder,https://kirby-weber.info/,information technology,2009,ecuador,4884,4646,f1d537929fa45ad,6450367,,
5257831,gutierrez vasquez and austin,https://www.hurley-huynh.com/,insurance,2009,ecuador,5052,4685,f0a58aa2db37dda,8072727,,
3734589,martinez-boone,https://mckee.com/,insurance,2004,ecuador,6346,3274,23a677cecd2bcac,250703,,
1746292,hayes-larsen,http://www.olson-mayo.com/,insurance,2005,ecuador,5540,4686,14db63a4ea4212f,824265,,
10681395,merritt-mcgrath,http://odonnell.biz/,insurance,1988,egypt,6151,3666,d3e19c1c996c3bb,8886047,,
11194773,acosta llc,http://macias.com/,insurance,1987,egypt,2378,3681,f932fe8fc8bdbb5,8403284,,
7013866,rollins-meyer,https://www.rosales-stark.com/,insurance,1996,egypt,7454,3822,91fc21f3ff0c6a4,3704094,,
3609905,riley-hodge,http://www.macias-velasquez.net/,insurance,2000,egypt,9307,2467,de596ab67e93e2d,1258672,,
1274615,allison-spears,http://estrada-zhang.com/,insurance,2008,egypt,869,4270,dee2ebd7e3cac97,8354300,,
9043550,watson haynes and phelps,https://www.barnes-cross.com/,insurance,2006,eritrea,7978,4937,0ab00dcbeb6d7b1,6687603,,
7106594,galvan clarke and murray,https://hutchinson.net/,insurance,2005,eritrea,8788,4989,dcbfdc5b5ef0c20,2488813,,
10207251,coffey-hooper,http://mendoza-burnett.com/,insurance,2007,eritrea,2660,3534,69dcf87b76e8d91,4331978,,
7447634,bradley plc,http://www.yates.com/,insurance,2004,eritrea,9343,4485,d2cb5b5e5ac938a,7464129,,
4193382,dunlap moss and dixon,http://harding.com/,insurance,1976,estonia,2874,3246,cc06c8c9ac5d4db,4671071,,
1399452,holland group,https://oliver-figueroa.com/,insurance,1979,estonia,7664,3245,0b19f0056c68e6f,6573943,,
7234973,mclaughlin llc,http://coleman.com/,insurance,1975,estonia,5650,4074,bc6adfff45c6bdd,6952990,,
1453244,snyder group,http://www.harper.org/,insurance,1998,estonia,1363,3082,4eb2ba5bdadcabb,8858553,,
4202651,elliott hood and estrada,https://www.harmon-bowers.com/,biotechnology,2014,ethiopia,3493,4820,139ab569bdfce4f,2584643,,
1739312,macdonald plc,http://www.huffman.com/,biotechnology,1975,ethiopia,6603,4042,eaf5ae0fcbcb4dd,7928324,,
11562047,davis-mclean,http://www.cherry.info/,biotechnology,1995,ethiopia,3427,4589,a483cd7f7b486b4,4139000,,
11417784,fields-townsend,https://fields-hensley.com/,information technology,1994,ethiopia,4635,2510,e898490f4b5ccbb,4119291,,
1432088,norman-ford,http://maxwell.info/,information technology,2018,ethiopia,3382,4028,5e75d5cd8beb4da,1955461,,
1677087,powers-mack,https://www.berg.com/,information technology,1983,falkland islands (malvinas),3985,4050,83f947d8ee5773b,6470590,,
2713553,freeman robbins and joseph,https://www.choi-mcmahon.com/,information technology,1993,falkland islands (malvinas),7067,4407,f7d126abdba0cb9,8938741,,
4771902,herring-blake,http://collier.net/,information technology,2002,falkland islands (malvinas),2268,4569,f1d5c69dfb934fb,8935765,,
10865717,ford-stanton,https://sawyer-norton.biz/,information technology,2005,falkland islands (malvinas),1903,2881,5bf4d472d771bd2,5690587,,
6742132,olson-mcconnell,http://www.christensen-norton.com/,information technology,1970,faroe islands,9170,2575,df6af24ee566f49,2781901,,
8015396,archer ltd,https://www.patton.com/,information technology,1988,faroe islands,4319,3882,405ee5ec62afbac,8822021,,
3469981,vazquez llc,http://berg.net/,information technology,1979,faroe islands,3136,3648,736e0c8368e8f3d,2153327,,
10383801,mann-mason,http://bender.com/,information technology,2001,faroe islands,2726,2237,d1ee04a587a0b6f,7145871,,
1845433,richards-zimmerman,http://vasquez-macdonald.biz/,information technology,2018,fiji,8249,3091,dfd2cf9485b11c6,6173642,,
11072110,malone and sons,http://jensen-mccormick.com/,information technology,2013,fiji,4587,4841,3cce7ee2c078d51,4446957,,
5741027,acosta-lam,http://www.pugh.biz/,information technology,1991,finland,4437,3861,df8e88cfabc1f3d,8400206,,
4655209,randolph trujillo and frost,http://blanchard.biz/,information technology,1987,finland,4238,2610,c1fbdc26744c6a6,7831817,,
3676356,curtis llc,http://www.davenport.com/,information technology,1975,finland,36,2224,27cebbbbcf4e17f,7364683,,
8364435,ward and sons,https://www.porter.com/,information technology,2001,france,8887,2090,96bbbefa9d8daec,8663707,,
9946847,foster inc,http://mcpherson-ray.com/,information technology,1981,france,7348,3015,22f15be620aa6ae,6159191,,
3834014,allison plc,http://cisneros.com/,insurance,1993,france,1545,2482,61ff50b0caece58,2658296,,
7786024,mccall-flowers,http://www.mathis-rowland.net/,insurance,2013,france,4243,4744,dfa6b1cf6ffbddc,627052,,
5282789,beard plc,http://evans-herman.org/,insurance,1974,france,2987,3257,06fae819cce7d30,6771622,,
10896853,pierce gallegos and knox,https://www.neal.net/,insurance,2016,france,6016,4140,624f5e1c3c0f0a0,5114725,,
5810781,manning mcpherson and robertson,https://king.org/,insurance,1979,france,8644,3497,ecdbf14f9f876d7,5496034,,
4737710,pollard llc,http://www.paul-stein.com/,insurance,2013,france,9329,2017,522809bebbfce43,4573696,,
9072397,mckee lewis and hays,http://stanton-ramsey.com/,insurance,2010,france,3583,3871,ef80e90db608daf,2062690,,
1489149,cameron osborn and pollard,http://www.frazier.info/,insurance,2018,france,2775,4056,ef65aebcdfbc7f2,6916137,,
11150058,koch gomez and hays,http://ewing-rosario.biz/,insurance,1997,france,8497,4999,b0bbebb36babb35,1252981,,
7151822,king inc,https://love.info/,insurance,2013,france,7464,4760,f86a2ca7a4def88,3700304,,
10457508,glenn savage and ewing,https://www.guerra-gillespie.org/,insurance,1981,france,6826,3741,3aecbe853d893db,8618750,,
1591712,pugh-sampson,http://chapman.com/,insurance,1986,france,9256,3843,dcffb6bcb80bc16,5587272,,
1691888,hanna plc,https://www.navarro.com/,transportation,1987,france,7806,4120,487110e58a9b49f,2505810,,
8881065,decker wang and barajas,http://smith.com/,transportation,1981,france,871,3415,bcf355a517cb541,4879185,,
1391052,parsons bradshaw and waller,https://warner.com/,transportation,2021,france,275,2837,fe7fbd9a048c647,6219464,,
10428402,joseph-stein,https://www.moses-mccarthy.org/,transportation,1990,france,7825,3258,b0e440da717eff9,758321,,
7009652,larson ltd,https://chandler.info/,transportation,2014,france,5197,3426,fdcceeffac73497,694563,,
8697881,humphrey holloway and lutz,https://www.oneill.org/,transportation,1982,france,1419,3157,2c676bfb58d9907,2619258,,
4098708,ballard-benjamin,https://www.torres.com/,apparel,1984,gambia,1339,4478,ccb6a3bcccd8bd0,3226139,,
8519976,huerta plc,https://www.byrd.org/,insurance,1970,gambia,4337,2942,a66737ce0ccb2c6,987401,,
8933176,ramos ltd,https://www.werner-holder.biz/,insurance,2018,gambia,9088,2779,8f3d5626d7d4f41,6697667,,
10989217,glover roach and alexander,http://abbott-bridges.com/,insurance,1971,gambia,8383,3133,98c2ae97c376cfd,2712132,,
5887746,kramer meyers and mckinney,http://www.salazar.com/,information technology,1978,gambia,2101,2414,c2fa8baecc7d0f8,2416829,,
10798977,george-hamilton,http://perry.com/,information technology,1980,gambia,3399,2248,53bb589efdb6118,402897,,
4574820,pollard and sons,https://ritter.biz/,information technology,1979,gambia,3098,4668,496ed1c0e85d7f5,548312,,
5778566,bryan plc,http://www.decker.com/,information technology,1986,gambia,8423,4081,cce3b1c5f77bdf1,5748332,,
2444343,pitts ltd,https://www.patrick-townsend.com/,information technology,1989,georgia,2674,3947,c3c4eadeddcaacb,895235,,
920645,tate plc,http://www.fuentes-morgan.info/,information technology,2020,georgia,9286,3540,b6cf3a0fe2a5acd,2528366,,
3414118,carlson vargas and carroll,http://www.gordon-thomas.com/,information technology,2018,georgia,9503,4287,722a53cbc046cac,4423348,,
8608024,park-gomez,http://baxter.biz/,information technology,1998,georgia,8228,2316,dd7b5cbf5bc8fb8,5734757,,
11434058,briggs-delacruz,https://www.burnett-sparks.com/,information technology,2006,georgia,3098,2353,7dc8c8cd1ff23fe,4199827,,
5046871,hamilton llc,http://www.stokes.com/,information technology,2016,germany,2495,2884,1f91dfc7bbef29e,8392371,,
750528,kerr plc,https://reese.biz/,information technology,1993,germany,7096,3674,acc4b161ae09e3e,6519645,,
8846712,rocha henson and gutierrez,http://mendoza.com/,information technology,1986,germany,3842,3333,a83b7d8ed965d17,5611535,,
7604355,mcintyre williams and gray,http://bass.com/,information technology,2012,germany,6366,3087,ba4ed05a7e04fec,8491053,,
4031994,wang-holloway,https://www.hendrix.net/,information technology,1992,germany,4447,2267,ac3ce792fadcd5f,2798266,,
10347529,cooke-mcgee,http://www.woodard-beck.net/,information technology,2014,germany,3064,2272,b419bfbdf7ceb25,6260915,,
5002742,skinner inc,https://preston.com/,apparel,1982,germany,4738,4866,e4a91c4dae32af6,4692897,,
8177152,reeves-martinez,http://ali.com/,apparel,1974,germany,6639,2588,bdf0c047e52cdc3,2646628,,
1428192,herring-orr,https://www.middleton-sexton.com/,apparel,2003,germany,8986,4724,c8ee331607f5eba,8803686,,
631541,chen plc,https://vang-faulkner.org/,apparel,2006,germany,3547,3177,7afb4a27bf2fcf7,2609453,,
8707440,edwards ltd,http://www.davidson-freeman.org/,information technology,1997,ghana,5943,3426,f6cfebba4acd3ca,1529059,,
9719202,brennan llc,https://keith.com/,information technology,1996,ghana,2037,4276,4c0ab3fc0bd3e59,7300935,,
5456100,crane plc,https://gregory.biz/,information technology,2015,gibraltar,6357,3063,f32aed40d49de04,4255088,,
9884022,jacobson-wang,https://coleman-owens.com/,information technology,1972,gibraltar,68,4742,a2a1fceed2eb3c9,7833734,,
8017823,livingston llc,https://gibbs-jennings.info/,information technology,1973,gibraltar,4606,2494,ebdafefb1fde197,6688182,,
9989430,cook-dunn,http://www.dunn.info/,information technology,2009,gibraltar,6176,2789,c398a370ccfe05f,4358781,,
6031752,banks plc,https://www.clark.com/,information technology,2003,greece,7919,3169,b81ea4bd32537cf,3680487,,
2724971,graham ltd,http://stewart-tyler.org/,information technology,1979,greece,5786,2754,f7adb3a0e3553df,6804714,,
7615283,barrett inc,https://www.dalton.com/,information technology,2015,greece,2624,4598,fb9ca60b6cef6da,7051974,,
7824100,peck rogers and conrad,https://banks.com/,information technology,1987,greece,6458,4616,4cfce7fab148cc8,2430450,,
8540470,young buchanan and vazquez,http://www.gregory-chapman.com/,information technology,2005,greenland,8299,2351,efc5c915acbf437,4720060,,
6578624,hall group,http://choi.org/,information technology,1982,greenland,5969,3264,e3b3a0e923874cf,8550864,,
5292651,williams-pennington,https://www.short-strong.com/,information technology,1972,greenland,4484,2328,71d0fabef420ac6,1920240,,
2366548,stanton graves and ibarra,http://hanna-hunt.com/,information technology,2000,greenland,9431,2049,a25549b77e0c766,6551002,,
1826982,moss inc,http://barrett.com/,information technology,1997,greenland,48,4985,1f8d1eb79aad8e6,8677839,,
4868737,fletcher plc,https://www.shepard.com/,construction,1993,greenland,5184,2931,00b6a6fdc035ff3,8487163,,
544708,hendricks plc,https://lyons.info/,construction,1981,greenland,4680,3528,c477dfe441aa317,4464693,,
7551767,shah robbins and nielsen,http://www.faulkner-zamora.com/,construction,2011,greenland,4522,4362,a428fb0f7d1ada4,843319,,
11142690,beltran group,https://www.mosley-nolan.com/,construction,1997,greenland,7613,4500,dc421a3a9b6d50d,2571058,,
1739689,mccann dominguez and ray,http://www.deleon.com/,construction,2016,greenland,8641,4797,6a4dad8c40aa962,1287905,,
6678379,huang-ochoa,http://www.rosales.com/,insurance,2008,greenland,6839,4333,4f223d5c80a096d,7258434,,
4649496,wise-valenzuela,http://allen.com/,insurance,1991,greenland,3269,4123,f3da775bab0f1f7,2304942,,
5530368,mckinney plc,https://www.sampson.org/,insurance,2001,greenland,7846,2763,60abfeaf173adba,5928746,,
3559374,fuller inc,http://www.meyers-mcmillan.info/,insurance,2013,greenland,9074,2494,fe6b0d849ea1ff8,8652277,,
1476795,branch-cross,https://www.cohen.com/,insurance,1990,greenland,1228,2255,bbd8aa10ddeb16b,8480943,,
699235,kline-sampson,https://dillon.com/,insurance,1973,greenland,2185,2359,e35517078fc19db,8247378,,
508788,mcknight group,https://hess-mcfarland.com/,insurance,1980,greenland,2616,2502,dddbddfcff9f56f,7135178,,
2329369,rocha-snyder,https://www.campos.org/,insurance,1986,greenland,2008,3714,dc47da5dbd7f9a7,2302657,,
4133507,tate ltd,http://www.herrera.com/,insurance,1993,greenland,4118,4307,f41fddfa46ad4b8,1178476,,
2736386,powers-francis,http://www.flores-cochran.org/,insurance,1988,greenland,8184,4952,f21ac01c1c5f5ff,937450,,
9855245,watkins group,http://walker.com/,insurance,2005,greenland,9013,2300,a4ff0d1bed7ad9f,2333606,,
11247340,mcbride plc,http://www.camacho.info/,insurance,1986,greenland,9376,4956,46671edec7cf6bf,3755332,,
6948980,rubio mcintosh and lewis,https://norton.biz/,construction,2009,greenland,2882,2467,83fb0faf1f3421d,5943842,,
3750201,clements group,https://www.parker-velez.net/,construction,2017,guinea,1615,3062,9ec666e820d8b6c,7572935,,
10983628,maddox owen and shepherd,https://www.hamilton.com/,construction,2019,guinea,4467,3641,3ddb89ecd83b533,4831851,,
8769157,hobbs-johnston,http://www.proctor.com/,construction,1994,guinea-bissau,5840,3931,6e2fa3d40fdfdec,1458246,,
2862718,todd-mccarty,http://www.bradford.com/,construction,1984,guinea-bissau,1416,3579,e3b672feed6ecba,3295184,,
6801410,dixon inc,https://esparza.com/,construction,2013,guinea-bissau,7607,2630,f4ba33faae5dcc6,4161628,,
11873063,solis-cortez,http://www.hamilton.com/,construction,1996,guinea-bissau,9069,4974,e0c34c4c54d52fe,5778151,,
963197,mccormick stafford and soto,http://welch.net/,construction,2000,guyana,9014,3505,beea0cefcd9b53a,6367736,,
4616964,mcclain tucker and mills,http://vaughn-malone.com/,construction,2020,guyana,7429,4687,a4c0c42a1ebe6e4,6510125,,
9461160,turner-brennan,http://barnes.info/,construction,1972,guyana,1852,4018,513f535882afd7d,8554146,,
7185977,flynn taylor and herman,http://www.summers-collins.net/,construction,1981,guyana,5050,2067,b73b0deedeecca0,6497519,,
8989078,perez inc,http://barry.org/,construction,2020,haiti,3215,4366,924fc506bd20747,6301661,,
5805206,mcmahon plc,https://www.brock.com/,insurance,2012,haiti,8491,3270,badce4b6b7e6ecf,1267665,,
1213991,velazquez brewer and mahoney,http://www.mack-doyle.com/,insurance,2004,haiti,3884,2124,2402ecd89b5e16d,8988215,,
2786297,neal maxwell and moore,https://gutierrez.com/,insurance,2006,haiti,8738,4965,d60eb560ccf800f,6121727,,
11084750,silva-ray,https://www.campbell-cowan.org/,insurance,2002,haiti,7913,4344,e1e2ede231a49aa,1139699,,
4946561,hodges good and kirby,http://www.velasquez.biz/,insurance,2012,haiti,5703,2240,2e92e71eb9e6fb7,5066302,,
1149180,henson ltd,https://www.conway.com/,insurance,2010,haiti,406,4443,dc6d6e7ea7deabd,2041329,,
7323372,huerta macdonald and olson,http://byrd.com/,insurance,2001,haiti,6932,3293,f8e394bbabdb0b5,4996867,,
9454458,parrish group,https://stanley.org/,insurance,1988,haiti,4308,2778,c61dd4bb78351a7,682677,,
5112568,santana group,https://kim.com/,insurance,2022,haiti,8873,3117,183edd689dbde8f,6661230,,
6047329,paul ltd,http://www.archer.com/,insurance,1993,haiti,4929,4587,da2fe1267ccbbae,8723969,,
9154942,choi daniels and gay,https://www.haynes.com/,insurance,2004,haiti,3410,2078,78fcb64cb9a9c40,8612028,,
3318306,liu inc,http://www.escobar-henry.com/,insurance,1986,haiti,1905,2838,b98b5b8944c73cd,5429864,,
10080244,holmes-wise,https://www.savage.org/,construction,2001,haiti,5662,2027,ecc3baf0677bf90,5669836,,
8665013,dougherty-tate,http://pace.org/,construction,1991,honduras,8318,4392,b943aa9d8d33575,7772621,,
11396703,thornton-houston,http://yates.com/,construction,1983,honduras,6436,2219,ea29bafac0fd400,3353352,,
1348551,meadows howard and york,http://www.robertson.info/,construction,1997,honduras,6597,4297,b8a269b56c88826,1502117,,
8340194,abbott-arroyo,http://delgado.net/,construction,1994,hungary,117,2800,e5cab57fff6f4bd,233443,,
8150574,chaney-kent,https://edwards-gutierrez.com/,construction,1972,hungary,1075,2078,8b901f70eaf1bbe,8454637,,
5415960,horn-blake,https://www.logan.org/,construction,2017,hungary,4156,4640,30a079b41f85cf7,2765728,,
3848480,macias-roth,http://buckley.com/,construction,1988,hungary,6796,3861,aacadfad1365da3,1635969,,
6421655,harvey pennington and richard,http://lara.com/,apparel,2016,hungary,3894,2126,778fb7e29d989a6,4677140,,
9101146,harrell wagner and snyder,https://molina-dodson.com/,apparel,2018,hungary,7679,3908,a68bbe2bdba36e4,6854445,,
1180226,wallace-hines,http://www.molina.com/,apparel,2015,hungary,5573,3518,3abb3f3bb9c1c3c,8167336,,
1351383,yates hines and cohen,http://cooley.com/,textiles,2002,hungary,6926,2772,a98cb22e83aec1a,7520001,,
6936648,price and sons,https://www.combs.com/,textiles,1989,iceland,599,3314,5e94b45be9da540,1310345,,
8309918,carson-salas,http://www.mullins.com/,textiles,2021,iceland,2253,3003,82def5c9d6f513d,6440456,,
7926209,livingston stein and byrd,https://jackson.biz/,textiles,2019,india,8578,4692,8bb4d87c9e9b58d,1463968,,
4344903,guerra mays and alvarado,http://www.wilkins.net/,textiles,2019,india,1971,4767,ab2bfec96f40b9b,5675297,,
3275894,ayers-hernandez,https://case.com/,textiles,1992,india,5982,2407,61da9fefc27c3a9,2282191,,
4892553,ochoa hodges and jacobson,http://www.herman-daniel.com/,textiles,2003,india,8891,4489,e82ec3fefc5ac80,7318503,,
9081123,gillespie hatfield and mccarty,http://www.acosta-osborne.com/,accounting,1982,indonesia,5784,2489,c38cf79de2e6b6a,4028956,,
1571794,mckay group,http://baird.biz/,apparel,2021,indonesia,2304,2205,b3ea88cb559edd6,4033433,,
639291,hernandez ltd,http://todd.info/,apparel,2003,indonesia,795,3672,cffbc964c8c205d,650323,,
595347,mathis salazar and ramsey,https://www.wiley-maynard.org/,apparel,1995,indonesia,2781,4346,6de050494d4602b,6490144,,
1043868,russo-cameron,https://vazquez.org/,music,2012,indonesia,5680,2120,e7e1d499c94d9dd,8893871,,
605823,garner-hoover,https://www.armstrong-burch.com/,music,1981,indonesia,6405,3016,3a4fd31d16d2a42,3852231,,
5791029,dunlap-fritz,http://jennings-kerr.info/,music,1990,indonesia,8677,4346,6fb2023d97790c7,1084118,,
2752817,tanner-hanna,http://drake-baldwin.com/,music,2020,indonesia,5429,4160,d8bf7aebbbaeef0,2856227,,
4752850,kent-nolan,http://www.sweeney.biz/,apparel,2007,indonesia,7161,3876,dfed388e08b676f,1724045,,
5128854,ballard goodman and boone,http://berger-chen.info/,apparel,2019,iran,6165,3573,9fbf69aa2d9aaf1,6662533,,
1901566,young llc,http://mcintyre-blankenship.org/,apparel,1970,iran,5683,4369,d9b675d794bba4e,5519984,,
7391014,hinton inc,https://www.hurst.info/,accounting,2003,iran,2658,3066,a45e805db7feee1,2855460,,
1521906,salas and sons,http://patrick.com/,information technology,1991,iran,2668,4417,7fdeeff01a742de,7969427,,
11692314,lucero-trevino,https://palmer.com/,information technology,2018,iran,6403,3585,788906d5eddabe1,2401340,,
6604847,ford patel and singleton,http://cook.biz/,information technology,2011,iraq,7245,2179,3dc422c0ac77de1,8294545,,
1602203,santiago colon and castaneda,http://hobbs-hull.com/,information technology,1972,iraq,4864,4843,64d0598e6f89c12,5241490,,
3331956,payne blevins and bonilla,http://carter.com/,information technology,2012,ireland,7649,2412,aa31e3ecbfb4bb1,6234129,,
1863571,grant llc,http://bass-ellison.info/,information technology,2012,ireland,2368,4782,4fefe84ab8d7ca2,1799379,,
11029608,esparza inc,https://crawford.com/,information technology,1973,ireland,9246,4400,c9d4fb3bebd10bc,3321009,,
7636541,camacho ltd,http://www.leonard.com/,information technology,1982,ireland,8710,4423,cdf2e85ca8a7cfa,8976488,,
6421089,stewart group,https://bradford.biz/,information technology,2016,ireland,6085,4880,630effa39f6f50d,1051797,,
10381451,strickland gray and jensen,http://kerr.info/,information technology,1987,israel,7020,2737,ab2ea15d98b6bd4,5586138,,
8005196,sparks decker and powell,https://www.howe.net/,information technology,1977,israel,2709,4078,0c6d831e8dcecfe,2889656,,
6941102,adkins inc,https://www.nunez.info/,information technology,1989,israel,5338,2616,a7b73fd2d7a38d0,2471746,,
5694262,simon-decker,https://www.cameron-mcdonald.com/,information technology,1976,israel,9686,2685,94e7ccbaee6e83a,8317642,,
9695474,dunlap mccullough and pittman,http://www.paul.com/,information technology,2014,israel,8217,3540,d8ec443ba5419a7,3519560,,
3052627,gaines gomez and madden,http://www.waters.com/,information technology,2008,israel,1132,4770,bebdbffb7a060b6,6450363,,
3793022,hobbs evans and holder,http://www.murillo.com/,information technology,2001,italy,8461,4184,ff3aeca14f2b61b,1457167,,
2897548,jordan duffy and guzman,http://www.richmond.com/,information technology,1974,italy,5201,4674,c357e7ecee0ec17,8099355,,
6681930,estes poole and henderson,http://www.humphrey.com/,information technology,1981,italy,5842,3426,2d66c5bc84d36bf,6046986,,
4453181,shepherd plc,http://bailey.org/,information technology,1972,jamaica,5687,2883,0502b16c90e7072,3895169,,
11459560,wilkinson pope and roach,http://sawyer.biz/,information technology,2009,jamaica,5959,4143,062fdfdc5aa37f9,5364042,,
5285533,baldwin warner and russell,http://www.hoffman.biz/,information technology,1997,jersey,7675,4177,d5a9ace6035f9ce,2006575,,
7345973,castro-mercer,http://merritt.com/,information technology,1974,jersey,3308,4141,1aee77abf8647f4,8943028,,
6259328,lynch inc,https://www.tanner.com/,information technology,2011,jersey,2050,2621,8f48cab85ee2dc5,5672339,,
929413,larson and sons,http://www.braun.com/,information technology,1970,jersey,3786,4559,57a23e8bcf9d340,5383846,,
3203072,byrd inc,https://massey-holder.com/,information technology,2016,jordan,3182,2748,47344a0d7ded6a5,2031707,,
1303623,simpson macdonald and key,http://www.george.net/,information technology,1998,jordan,3289,2289,ce8feac6b8c8e44,8913489,,
1960366,calhoun and sons,http://www.young.com/,information technology,1999,jordan,5723,3627,0aa03de0f49f09d,1430971,,
2553964,dixon ltd,http://soto.com/,information technology,2018,jordan,1397,2120,e86e20273da5da7,5805099,,
6299703,bass mcintosh and harrison,http://lucero-bruce.com/,information technology,1983,jordan,2712,3134,73fac61efec51cd,8831323,,
7689670,lam group,http://koch.org/,information technology,2006,kazakhstan,2760,2853,eec9cebd4cdfd4e,5076164,,
574143,escobar gilmore and mahoney,http://www.carey.com/,information technology,1988,kazakhstan,5975,4694,95e2fc82ca04a9b,5389313,,
5059006,fritz ltd,http://padilla-morales.net/,information technology,1975,kazakhstan,7020,3323,a4fecc8bb7aff7b,3320507,,
8420396,porter schaefer and fields,http://colon.net/,information technology,2005,kazakhstan,6742,4663,41ef2a0f35c4fa7,4183530,,
9397300,serrano moses and ho,https://serrano.info/,information technology,1974,kenya,5247,4277,4daeeda7cbc40a1,3356466,,
671239,schroeder llc,https://case-jacobson.org/,information technology,1979,kenya,1185,2682,2dc933bd78efeca,747224,,
11671960,morris villegas and english,http://www.stephenson.com/,textiles,2021,kenya,9089,2619,effe2cb0aacfdfb,4766495,,
8576501,mills-clements,https://newton.com/,textiles,1988,kenya,8674,2524,cdfbabdd3ae5ca1,6585996,,
2901475,potter-solis,http://riley.biz/,textiles,1993,kenya,4209,3490,52bc0070051fbf9,7603084,,
7475422,powell group,https://mcclain.com/,textiles,2013,kenya,5802,4158,c82cee1027a60e8,4136914,,
1649225,houston and sons,http://mcgee.com/,textiles,1981,kenya,5355,2580,9abeb8aafd25e04,3157122,,
1007719,mendoza plc,http://rodgers.com/,textiles,1986,korea,4233,4102,cbbb2861c47e17d,5712408,,
9695178,mccullough-zavala,http://www.thornton.biz/,textiles,1993,korea,8897,2802,a24dfd5ad79c3a7,6350258,,
8980216,sherman-sutton,https://www.wu.biz/,textiles,1972,korea,3488,4825,734ae2a83a2c3dc,2547257,,
1348002,case luna and ballard,https://www.odonnell.com/,textiles,1976,korea,1202,4657,53b148affae7f4c,2935950,,
11455954,newman medina and luna,http://www.curtis.com/,textiles,1971,korea,876,3957,529e8d003d34c28,5203167,,
9772717,grimes plc,http://www.manning.com/,textiles,2005,korea,3070,2009,6426a5886e94bcd,7832841,,
5119607,peters booker and ramirez,http://www.mcdowell.com/,textiles,1976,korea,4559,2542,8bbc7a4ba6388f6,6747488,,
9549672,morrison-ramos,http://www.ray-johnson.info/,textiles,1988,korea,1587,3526,51ccd5cdfdba968,7120493,,
1233660,livingston ltd,https://www.holt.biz/,insurance,1994,korea,5395,3830,ed8de6f5f3a97db,951671,,
6951515,castro-hill,http://www.ewing.com/,insurance,1992,korea,4155,4791,efec11ca6a7f3a0,4726172,,
9856052,wiley-mcdaniel,https://www.mcmahon.com/,insurance,1993,korea,7175,4448,ddce8f6ec509efd,4546821,,
9654599,blevins compton and peck,https://melendez.org/,insurance,1996,korea,9178,2030,afc46d7facecd9b,4982206,,
6830430,charles velazquez and woods,http://wilkins.org/,insurance,2010,korea,6922,2373,94122a41a8a8481,2295912,,
4198582,mercer arroyo and camacho,https://salinas-oconnell.com/,insurance,2018,korea,5253,3601,3fc5f6509b65987,5181830,,
8052192,clayton-kelly,https://www.cole-williamson.net/,insurance,2013,korea,4691,3906,47ebb7eafe0b9b8,8856921,,
6255163,armstrong-griffith,https://www.vaughan.biz/,information technology,2020,korea,8509,2038,cfc7683a8cee57d,8676767,,
9737117,norman christian and johnston,https://www.dorsey.org/,information technology,2000,korea,2685,4920,a8954a402a90e7f,1727833,,
4687791,giles ingram and figueroa,http://kim-frank.net/,information technology,1976,korea,9719,3241,f735adc8e8d53f4,7803980,,
6547227,ochoa-vaughn,http://www.gardner.com/,information technology,2007,korea,4342,3553,ab2db5c6c1a2a36,2970284,,
1916160,robbins-contreras,https://boyer-nicholson.com/,information technology,1998,korea,2330,4532,e3f8efc10ad96e9,6628780,,
1306806,sanchez-bell,https://www.grant-duffy.com/,information technology,1987,korea,9240,4064,c3ea6c9a31edf44,8434071,,
4134959,david whitaker and sweeney,http://www.roach-conner.com/,information technology,1972,korea,3123,3498,c48febcf2558dec,7464012,,
4246826,richard-conway,https://www.cisneros.com/,information technology,1988,korea,9510,3405,db6109ab9fff8f4,1405265,,
7625948,bradshaw-navarro,http://roberts.com/,information technology,2003,latvia,3113,2627,d9a26d0e83cbbce,347307,,
8318891,daniels hester and spence,http://www.kent.com/,information technology,1980,latvia,6822,4400,9e9ec3be1ded6d1,7336499,,
6652373,mercado ltd,https://www.novak-mccarthy.com/,information technology,1971,lebanon,4759,4172,89d4ed3f2bd8cdc,7394230,,
9619011,mullins cook and webb,https://www.henson-farmer.com/,information technology,1998,lebanon,4556,4318,c158808ca005a75,5224549,,
5846806,horne hartman and flowers,http://www.erickson.net/,information technology,1970,lebanon,1312,4014,6bc62f2c0fcfb43,7701695,,
8736624,rosales inc,http://ware-castillo.com/,information technology,1986,lebanon,4470,2789,b4ff489acfe154d,3938387,,
11556916,golden-riddle,https://hancock-finley.com/,information technology,1982,lebanon,4864,3800,df3b3ed4193d90f,3799481,,
769161,mccann-mcguire,http://www.fleming-farrell.org/,textiles,1970,lesotho,5800,4210,b4af39efb508dee,6901980,,
5853093,avila-nelson,http://quinn-hammond.com/,textiles,2012,lesotho,2235,3298,1d1a0fbb82a912b,5265917,,
10290626,howe group,https://www.foster.net/,textiles,1987,lesotho,2895,3754,680dca425fdbb9b,4192622,,